item,qty,spec,supplier,unit_cost_usd,make_buy,notes,group
1 Core plate,1,"Carbon fibre plate 2 mm, quasi-isotropic, cut to 240 x 150 mm; 4 frame holes 4.5 mm on 220 x 130 mm; rail, stop and block holes 4.5 mm; 16 holes 4.22 mm for bonded flush inserts; cable slot 12 x 24 mm (KWC-DWG-101)",Carbon plate supplier with a waterjet or CNC cutting service (drone frame plate class),62.00,make,"Cut by the supplier from the making sketch; edges sealed with thin epoxy; replaces the 5052 aluminium plate (KWC-DDR-003, O1 option B)",air
2 Corner spacers,4,"Aluminium round spacer 16 mm OD x 8 mm, 4.5 mm bore (M4 clearance)",Fastener or standoff supplier (for example McMaster-Carr or Accu),1.50,buy,Between the core plate and the frame's lower deck,air
3 Rail spacer bars,2,"Aluminium 6061-T6 flat bar 10 x 6 mm, 200 mm long; 5 holes 4.5 mm; three windows 6 mm wide milled through between the holes, 1.5 mm walls (KWC-DWG-102)",Metal stockist,7.00,make,"Saw, drill and mill the windows; left and right are the same part (KWC-DDR-003)",air
4 Rail lips,2,"Aluminium 6061-T6 flat bar 30 x 3 mm, 200 mm long; 6 holes 4.5 mm countersunk from below; pin hole 5.5 mm (KWC-DWG-104); three pockets 17 mm wide and 2 mm deep milled from the underside between the screw holes, inboard of the spacer",Metal stockist,8.00,make,Left and right are mirror images: countersinks and pockets on the underside (KWC-DDR-003),air
5 Wear tape,1,"UHMW-PE tape 0.7 mm (0.025 in) thick, 25 mm wide, acrylic adhesive, 0.5 m",Industrial tape supplier (for example McMaster-Carr),12.00,buy,Laid on the top face of each lip; sets the 0.3 mm running gap above the shoe,air
6 Front stops,2,"Aluminium 6061-T6 flat bar 20 x 6 mm, 12 mm long; one 4.5 mm hole (KWC-DWG-104)",Metal stockist (offcut of line 3 stock),1.00,make,Sandwiched between the plate and the lip at the front end of each rail,air
7 Pin blocks,2,"Aluminium 6061-T6 bar 30 x 15 mm, 28 mm long; M10 x 1 tapped hole; two 4.5 mm holes (KWC-DWG-105)",Metal stockist,4.00,make,One under each lip at the rear; KWC-DDR-002 two independent locking pins,air
8 Locking pins (indexing plungers),2,"Stainless indexing plunger, M10 x 1 thread, 5 mm hardened pin, at least 9 mm stroke, pull knob with rest (lock-out) position, plus M10 x 1 jam nut",Machine-part supplier (for example a GN 617 class plunger from Ganter or Kipp),28.00,buy,Paint a red band on each pin shank so a withdrawn pin shows red; KWC-DDR-002,air
9 Payload shoe,1,"Aluminium 6061-T6 plate 5 mm, 184 x 128 mm; two pin holes 5.5 mm; cable notch 18 x 28 mm; four M4 countersunk holes (KWC-DWG-106)",Metal stockist or laser-cutting service,22.00,make,One shoe per payload; the core kit carries one for interface checks; not counted in the core mass,air
10 Lid,1,"3D printed ASA, light grey, 168 x 92 x 62 mm with 180 x 108 mm flange, 1.5 mm walls, mast boss (KWC-DWG-107); about 90 g of filament",Any ASA filament (1 kg spool about USD 30),5.00,make,Printed open side down; ASA keeps its strength from -20 to +45 degC and resists UV,air
11 Lid gasket,1,"Closed-cell EPDM foam sheet 1 mm, adhesive one side, cut to the flange outline",Industrial tape or gasket supplier,5.00,make,Cut from sheet; six 6 mm holes at the flange screws,air
12 Damping plate,1,"G10 / FR4 glass-epoxy sheet 2 mm, 110 x 70 mm; four 3.4 mm holes and four flight-controller holes (KWC-DWG-108)",Plastics stockist,8.00,make,Carries the flight controller on the four dampers,air
13 Vibration dampers,4,"Silicone grommet dampers for M3, about 10 mm tall, rated -40 degC",Drone parts supplier,2.00,buy,Shore hardness to suit the flight controller mass (to confirm when bought),air
14 Standoffs,8,"Aluminium M3 male-female standoffs: four 25 mm and four 8 mm, 5.5 mm hex",Electronics hardware supplier,0.75,buy,Screw into the clinch nuts in the core plate,air
15 Flight controller,1,"Pixhawk FMUv6X class flight controller with standard baseboard: triple IMU with heater, Ethernet, two CAN buses, 16 PWM outputs, rated -40 to +85 degC, about 102 x 53 x 17 mm (to confirm)",Pixhawk-standard maker (for example Holybro or CUAV),390.00,buy,Runs released PX4 with Kitewright parameter sets,air
16 GNSS receiver and compass,1,"Multi-band GNSS module with compass, DroneCAN or UART/I2C, about 50 mm diameter, rated -40 degC",Pixhawk-standard maker,90.00,buy,On the mast above the lid; may move to a frame position with a longer cable,air
17 GNSS mast,1,"Carbon fibre tube 10 mm OD x 8 mm ID, 150 mm; M3 thumbscrew and heat-set insert for the lid boss",Composite tube supplier,8.00,buy,Removable for transport,air
18 Power distribution board,1,"Power distribution board 18 to 60 V, 200 A peak, two pack inputs and two frame outputs, Hall current sensor with analog or digital output, 80 x 50 mm (to confirm)",Drone power electronics maker (for example Mauch class),120.00,buy,Measures total current; packs and frame leads solder to its pads,air
19 Power modules,1,"Set of three: digital power monitor with 5.3 V supply (18 to 60 V in), backup 5.3 V 5 A supply (18 to 60 V in), and payload switch (60 V, 8 A eFuse, enable from the flight controller)",Drone power electronics maker,150.00,buy,Two independent supplies for the avionics; the payload switch feeds the DS-014 battery pins,air
20 Bonded flush inserts,16,"Aluminium flanged M3 inserts for 4.2 mm holes in 2 mm composite plate, bonded with structural epoxy so they sit flush underneath (14 for the lid flange and standoffs, 2 for the strain-relief posts)",Fastener supplier (composite insert class),0.65,buy,"Estimate; replace the clinch nuts, which cannot be pressed into carbon plate (KWC-DDR-003)",air
21 Strain-relief bar,1,"G10 / FR4 strip 64 x 6 x 3 mm with two 3.4 mm holes, on two aluminium M3 standoffs 11 mm into bonded inserts; four cable ties. The frame harness leads (8 AWG with AS150 plugs) solder to the power board pads and are tied to this bar",Plastics stockist (offcut of line 12 sheet) and electronics hardware supplier,4.00,make,"The four power leads and AS150 plugs (about USD 60, 124 g) now come with each frame's harness: Kitewright Lift and Kitewright Range (KWC-DDR-003, O1 option B)",air
22 Telemetry radio pair,1,"900 MHz class telemetry radio pair (air and ground), up to 1 W, MAVLink, rated -40 to +85 degC, air module about 52 x 29 x 13 mm (to confirm); band and power to suit the country",Telemetry radio maker (for example RFDesign class),400.00,buy,Ground half goes in the ground station kit,air
23 Control link receiver,1,Long-range control link receiver (ExpressLRS 900 MHz or 2.4 GHz class) with telemetry,Drone parts supplier,30.00,buy,Pairs with the handset (line 31),air
24 Antennas and SMA bulkheads,1,"Two 900 MHz dipole antennas, one control link antenna, three SMA bulkhead pigtails 100 mm",Antenna supplier,45.00,buy,Through the three 6.5 mm holes in the lid top,air
25 DS-014 connector pair and pigtail,1,40-pin connector pair as named in Pixhawk DS-014 with latch; 0.3 m pigtail with power and data pairs; cable clamp (part numbers to confirm from the standard),Connector distributor,60.00,buy,Plug hangs in front of the payload through the slot and the shoe notch,air
26 Safety switch and buzzer,1,Pixhawk-standard safety switch with LED and buzzer,Pixhawk-standard maker,15.00,buy,Switch in the lid top,air
27 Grommets,2,"Rubber grommets for a 20 mm hole in 2 mm wall, 16 mm bore",Electrical hardware supplier,1.00,buy,Rear wall of the lid,air
28 Signal harness,1,Pixhawk-standard JST-GH cables and PTFE-insulated hook-up wire (stays flexible at -20 degC),Drone parts supplier,35.00,buy,Cold-rated harness,air
29 Fasteners,1,"Stainless kit: M4 countersunk x 16 (12), M4 cap x 35 (4), M4 nyloc nuts (16), M3 cap screws, M3 nylon screws for the flight controller, washers",Fastener supplier,25.00,buy,Thread-locker on every metal-to-metal screw,air
30 Companion computer (optional),1,"Single-board computer with Ethernet, wide-temperature rated, in its own small enclosure on the frame",Single-board computer distributor,150.00,buy,Optional; outside the core lid (KWC-DDR-001 D8),air
31 Control handset,1,"Control link handset with telemetry display, rated to -10 degC or kept warm in a jacket",Drone parts supplier,250.00,buy,Ground station kit,ground
32 Ground station tablet,1,"Rugged sunlight-readable tablet rated -20 to +60 degC operating, USB and Wi-Fi, open ground control software (QGroundControl)",Rugged tablet supplier,900.00,buy,Ground station kit,ground
33 Ground antenna and tripod,1,"900 MHz directional antenna 8 dBi class, tripod, 3 m low-loss cable",Antenna supplier,120.00,buy,Ground station kit,ground
34 Field charger,1,"Dual-channel DC charger 12 to 30 V input, at least 500 W per channel, balance charging for the packs in use",Drone charger maker,350.00,buy,Charges only packs that ColdCell has warmed above its charge limit,ground
35 Spares kit,1,"Second flight controller, GNSS module, control link receiver, two plungers, dampers and fasteners",As above,560.00,buy,Field spares,spares
